login,id,contributions,avatar_url,html_url,type,site_admin
tensorflower-gardener,17151892,54667,https://avatars.githubusercontent.com/u/17151892?v=4,https://github.com/tensorflower-gardener,User,False
ezhulenev,1174378,2430,https://avatars.githubusercontent.com/u/1174378?v=4,https://github.com/ezhulenev,User,False
akuegel,14309772,1640,https://avatars.githubusercontent.com/u/14309772?v=4,https://github.com/akuegel,User,False
mihaimaruseac,323199,1552,https://avatars.githubusercontent.com/u/323199?v=4,https://github.com/mihaimaruseac,User,False
hawkinsp,348932,1540,https://avatars.githubusercontent.com/u/348932?v=4,https://github.com/hawkinsp,User,False
yongtang,6932348,1448,https://avatars.githubusercontent.com/u/6932348?v=4,https://github.com/yongtang,User,False
gunan,7946809,1347,https://avatars.githubusercontent.com/u/7946809?v=4,https://github.com/gunan,User,False
caisq,16824702,1251,https://avatars.githubusercontent.com/u/16824702?v=4,https://github.com/caisq,User,False
mrry,192142,1240,https://avatars.githubusercontent.com/u/192142?v=4,https://github.com/mrry,User,False
cheshire,348959,1161,https://avatars.githubusercontent.com/u/348959?v=4,https://github.com/cheshire,User,False
roserg,7106347,1131,https://avatars.githubusercontent.com/u/7106347?v=4,https://github.com/roserg,User,False
benoitsteiner,6969686,1046,https://avatars.githubusercontent.com/u/6969686?v=4,https://github.com/benoitsteiner,User,False
jpienaar,706766,1026,https://avatars.githubusercontent.com/u/706766?v=4,https://github.com/jpienaar,User,False
qlzh727,5118881,941,https://avatars.githubusercontent.com/u/5118881?v=4,https://github.com/qlzh727,User,False
d0k,16542,935,https://avatars.githubusercontent.com/u/16542?v=4,https://github.com/d0k,User,False
River707,28832909,887,https://avatars.githubusercontent.com/u/28832909?v=4,https://github.com/River707,User,False
joker-eph,3372300,881,https://avatars.githubusercontent.com/u/3372300?v=4,https://github.com/joker-eph,User,False
pifon2a,32522095,843,https://avatars.githubusercontent.com/u/32522095?v=4,https://github.com/pifon2a,User,False
martinwicke,577277,801,https://avatars.githubusercontent.com/u/577277?v=4,https://github.com/martinwicke,User,False
yifeif,1192265,788,https://avatars.githubusercontent.com/u/1192265?v=4,https://github.com/yifeif,User,False
